{
  "no_rag": {
    "num_queries": 3,
    "num_successful": 3,
    "success_rate": 1.0,
    "mean_accuracy": 0.12188155136268343,
    "mean_keyword_overlap": 0.4666666666666666,
    "mean_latency_ms": 519.0502802530924,
    "mean_answer_relevancy": 0.8333333333333334,
    "calibration_error": 0.8666666666666667
  },
  "basic_rag": {
    "num_queries": 3,
    "num_successful": 3,
    "success_rate": 1.0,
    "mean_accuracy": 0.09954751131221719,
    "mean_keyword_overlap": 0.5333333333333333,
    "mean_latency_ms": 2448.5090573628745,
    "mean_faithfulness": 0.9333333333333332,
    "mean_answer_relevancy": 0.9333333333333332
  },
  "advanced_rag": {
    "num_queries": 3,
    "num_successful": 3,
    "success_rate": 1.0,
    "mean_accuracy": 0.07707117128307044,
    "mean_keyword_overlap": 0.46666666666666673,
    "mean_latency_ms": 6512.802918752034,
    "mean_faithfulness": 0.0,
    "mean_answer_relevancy": 0.7000000000000001
  }
}